,param_metric,param_n_neighbors,param_weights,params,mean_test_score,std_test_score,rank_test_score
0,cityblock,1,uniform,"{'metric': 'cityblock', 'n_neighbors': 1, 'weights': 'uniform'}",0.9886449930698958,0.0014600419519046717,8
1,cityblock,1,distance,"{'metric': 'cityblock', 'n_neighbors': 1, 'weights': 'distance'}",0.9886449930698958,0.0014600419519046717,8
2,cityblock,7,uniform,"{'metric': 'cityblock', 'n_neighbors': 7, 'weights': 'uniform'}",0.9877864085428675,0.0012795817716464094,15
3,cityblock,7,distance,"{'metric': 'cityblock', 'n_neighbors': 7, 'weights': 'distance'}",0.9887441534480905,0.001738799215957405,7
4,cityblock,13,uniform,"{'metric': 'cityblock', 'n_neighbors': 13, 'weights': 'uniform'}",0.9851928369632035,0.001332806248780394,26
5,cityblock,13,distance,"{'metric': 'cityblock', 'n_neighbors': 13, 'weights': 'distance'}",0.9877964150998357,0.0011169600755899483,14
6,cityblock,19,uniform,"{'metric': 'cityblock', 'n_neighbors': 19, 'weights': 'uniform'}",0.9833427995008275,0.001592711601329463,37
7,cityblock,19,distance,"{'metric': 'cityblock', 'n_neighbors': 19, 'weights': 'distance'}",0.9865375283353695,0.001434594030354498,18
8,cityblock,25,uniform,"{'metric': 'cityblock', 'n_neighbors': 25, 'weights': 'uniform'}",0.9818489874251292,0.001523172288473903,52
9,cityblock,25,distance,"{'metric': 'cityblock', 'n_neighbors': 25, 'weights': 'distance'}",0.9854044787535479,0.0017053039398448936,25
10,cityblock,31,uniform,"{'metric': 'cityblock', 'n_neighbors': 31, 'weights': 'uniform'}",0.9811378051538189,0.001648029439877541,63
11,cityblock,31,distance,"{'metric': 'cityblock', 'n_neighbors': 31, 'weights': 'distance'}",0.9849961132433449,0.0015981199636775606,27
12,cityblock,37,uniform,"{'metric': 'cityblock', 'n_neighbors': 37, 'weights': 'uniform'}",0.9803586209315341,0.0015477669579523259,72
13,cityblock,37,distance,"{'metric': 'cityblock', 'n_neighbors': 37, 'weights': 'distance'}",0.9838681375126894,0.0016041539286716251,34
14,cityblock,43,uniform,"{'metric': 'cityblock', 'n_neighbors': 43, 'weights': 'uniform'}",0.9798216865007696,0.0013954371415399204,85
15,cityblock,43,distance,"{'metric': 'cityblock', 'n_neighbors': 43, 'weights': 'distance'}",0.9833241344435499,0.0017951027705287775,38
16,cityblock,49,uniform,"{'metric': 'cityblock', 'n_neighbors': 49, 'weights': 'uniform'}",0.9792803562300343,0.0015525522445299447,92
17,cityblock,49,distance,"{'metric': 'cityblock', 'n_neighbors': 49, 'weights': 'distance'}",0.9829176963262052,0.0019035180000644444,39
18,cityblock,55,uniform,"{'metric': 'cityblock', 'n_neighbors': 55, 'weights': 'uniform'}",0.9786018624458928,0.0015409746312402748,107
19,cityblock,55,distance,"{'metric': 'cityblock', 'n_neighbors': 55, 'weights': 'distance'}",0.9824789243706933,0.002111427526154103,44
20,cityblock,62,uniform,"{'metric': 'cityblock', 'n_neighbors': 62, 'weights': 'uniform'}",0.978085380182724,0.001325717692926126,117
21,cityblock,62,distance,"{'metric': 'cityblock', 'n_neighbors': 62, 'weights': 'distance'}",0.9820745459872734,0.002175946553081219,51
22,cityblock,68,uniform,"{'metric': 'cityblock', 'n_neighbors': 68, 'weights': 'uniform'}",0.9776842941901375,0.0014712746398358977,126
23,cityblock,68,distance,"{'metric': 'cityblock', 'n_neighbors': 68, 'weights': 'distance'}",0.9816342260013448,0.0022224157083184978,57
24,cityblock,74,uniform,"{'metric': 'cityblock', 'n_neighbors': 74, 'weights': 'uniform'}",0.9772183211212668,0.0012866365387898759,136
25,cityblock,74,distance,"{'metric': 'cityblock', 'n_neighbors': 74, 'weights': 'distance'}",0.9813959234937183,0.001973134723152626,60
26,cityblock,80,uniform,"{'metric': 'cityblock', 'n_neighbors': 80, 'weights': 'uniform'}",0.9769865436863686,0.0013497169861705243,140
27,cityblock,80,distance,"{'metric': 'cityblock', 'n_neighbors': 80, 'weights': 'distance'}",0.981126878612333,0.001863615362697741,64
28,cityblock,86,uniform,"{'metric': 'cityblock', 'n_neighbors': 86, 'weights': 'uniform'}",0.9762433163913598,0.00189101828877218,151
29,cityblock,86,distance,"{'metric': 'cityblock', 'n_neighbors': 86, 'weights': 'distance'}",0.9806538404606023,0.0016253110948397567,69
30,cityblock,92,uniform,"{'metric': 'cityblock', 'n_neighbors': 92, 'weights': 'uniform'}",0.975772263632075,0.0019592970343668653,162
31,cityblock,92,distance,"{'metric': 'cityblock', 'n_neighbors': 92, 'weights': 'distance'}",0.9802145062731251,0.0015426596587198701,75
32,cityblock,98,uniform,"{'metric': 'cityblock', 'n_neighbors': 98, 'weights': 'uniform'}",0.9753308169541993,0.0016606543879823443,172
33,cityblock,98,distance,"{'metric': 'cityblock', 'n_neighbors': 98, 'weights': 'distance'}",0.9798790052041472,0.0014625263013701875,80
34,cityblock,104,uniform,"{'metric': 'cityblock', 'n_neighbors': 104, 'weights': 'uniform'}",0.9746908341996683,0.0016044255217341323,187
35,cityblock,104,distance,"{'metric': 'cityblock', 'n_neighbors': 104, 'weights': 'distance'}",0.9796102150899919,0.00158208856497164,88
36,cityblock,110,uniform,"{'metric': 'cityblock', 'n_neighbors': 110, 'weights': 'uniform'}",0.9741557655149252,0.0012713370165228712,202
37,cityblock,110,distance,"{'metric': 'cityblock', 'n_neighbors': 110, 'weights': 'distance'}",0.979408192065797,0.0014674464311180168,91
38,cityblock,116,uniform,"{'metric': 'cityblock', 'n_neighbors': 116, 'weights': 'uniform'}",0.9740960485912884,0.001312298829352788,203
39,cityblock,116,distance,"{'metric': 'cityblock', 'n_neighbors': 116, 'weights': 'distance'}",0.9792778628649147,0.0013270896937091557,93
40,cityblock,123,uniform,"{'metric': 'cityblock', 'n_neighbors': 123, 'weights': 'uniform'}",0.9734615527534288,0.001288304357525874,215
41,cityblock,123,distance,"{'metric': 'cityblock', 'n_neighbors': 123, 'weights': 'distance'}",0.9790730920673012,0.0012386970393921063,100
42,cityblock,129,uniform,"{'metric': 'cityblock', 'n_neighbors': 129, 'weights': 'uniform'}",0.973294873353538,0.0013198042453216542,218
43,cityblock,129,distance,"{'metric': 'cityblock', 'n_neighbors': 129, 'weights': 'distance'}",0.9789080777193575,0.0011387518720666632,101
44,cityblock,135,uniform,"{'metric': 'cityblock', 'n_neighbors': 135, 'weights': 'uniform'}",0.9728584907532053,0.001080462870935328,219
45,cityblock,135,distance,"{'metric': 'cityblock', 'n_neighbors': 135, 'weights': 'distance'}",0.9786726706279177,0.0011023514036457274,104
46,cityblock,141,uniform,"{'metric': 'cityblock', 'n_neighbors': 141, 'weights': 'uniform'}",0.9726277784889777,0.0012330691375216083,222
47,cityblock,141,distance,"{'metric': 'cityblock', 'n_neighbors': 141, 'weights': 'distance'}",0.9784712945810048,0.001065326449370298,110
48,cityblock,147,uniform,"{'metric': 'cityblock', 'n_neighbors': 147, 'weights': 'uniform'}",0.9724288363938387,0.0013294317731625,225
49,cityblock,147,distance,"{'metric': 'cityblock', 'n_neighbors': 147, 'weights': 'distance'}",0.9782699779919124,0.001054647042003382,113
50,cityblock,153,uniform,"{'metric': 'cityblock', 'n_neighbors': 153, 'weights': 'uniform'}",0.9719914631598281,0.0014548226981899223,230
51,cityblock,153,distance,"{'metric': 'cityblock', 'n_neighbors': 153, 'weights': 'distance'}",0.9782380955965557,0.0010094040562342401,114
52,cityblock,159,uniform,"{'metric': 'cityblock', 'n_neighbors': 159, 'weights': 'uniform'}",0.9718981634513215,0.001319825743174164,231
53,cityblock,159,distance,"{'metric': 'cityblock', 'n_neighbors': 159, 'weights': 'distance'}",0.9780355625019546,0.0009495444957847762,118
54,cityblock,165,uniform,"{'metric': 'cityblock', 'n_neighbors': 165, 'weights': 'uniform'}",0.9717343973762027,0.0014697292289019876,234
55,cityblock,165,distance,"{'metric': 'cityblock', 'n_neighbors': 165, 'weights': 'distance'}",0.977801334157444,0.0009799918334641006,123
56,cityblock,171,uniform,"{'metric': 'cityblock', 'n_neighbors': 171, 'weights': 'uniform'}",0.9714987251459906,0.001615260307994983,235
57,cityblock,171,distance,"{'metric': 'cityblock', 'n_neighbors': 171, 'weights': 'distance'}",0.9776035851901034,0.000944869018708255,127
58,cityblock,177,uniform,"{'metric': 'cityblock', 'n_neighbors': 177, 'weights': 'uniform'}",0.9711241845693364,0.0016838678394237399,238
59,cityblock,177,distance,"{'metric': 'cityblock', 'n_neighbors': 177, 'weights': 'distance'}",0.9774348104880932,0.001069760191742552,132
60,cityblock,184,uniform,"{'metric': 'cityblock', 'n_neighbors': 184, 'weights': 'uniform'}",0.9710556129087953,0.0015408985910715881,239
61,cityblock,184,distance,"{'metric': 'cityblock', 'n_neighbors': 184, 'weights': 'distance'}",0.9773663948722551,0.0011113150789312572,133
62,cityblock,190,uniform,"{'metric': 'cityblock', 'n_neighbors': 190, 'weights': 'uniform'}",0.9705503369751376,0.0016339374980595626,244
63,cityblock,190,distance,"{'metric': 'cityblock', 'n_neighbors': 190, 'weights': 'distance'}",0.9770951794873357,0.0011502306303854837,137
64,cityblock,196,uniform,"{'metric': 'cityblock', 'n_neighbors': 196, 'weights': 'uniform'}",0.9704131826984101,0.0013448214277071385,247
65,cityblock,196,distance,"{'metric': 'cityblock', 'n_neighbors': 196, 'weights': 'distance'}",0.9767891308588,0.0009807765626238607,141
66,cityblock,202,uniform,"{'metric': 'cityblock', 'n_neighbors': 202, 'weights': 'uniform'}",0.9702174524088425,0.0013937379863505188,250
67,cityblock,202,distance,"{'metric': 'cityblock', 'n_neighbors': 202, 'weights': 'distance'}",0.9765531836648,0.0010079423621305026,148
68,cityblock,208,uniform,"{'metric': 'cityblock', 'n_neighbors': 208, 'weights': 'uniform'}",0.9700541181911605,0.0013307597802111025,251
69,cityblock,208,distance,"{'metric': 'cityblock', 'n_neighbors': 208, 'weights': 'distance'}",0.9761822765286258,0.000888756882217892,152
70,cityblock,214,uniform,"{'metric': 'cityblock', 'n_neighbors': 214, 'weights': 'uniform'}",0.969989787556834,0.0013625276265527982,252
71,cityblock,214,distance,"{'metric': 'cityblock', 'n_neighbors': 214, 'weights': 'distance'}",0.9759469795007281,0.0009308577019647744,158
72,cityblock,220,uniform,"{'metric': 'cityblock', 'n_neighbors': 220, 'weights': 'uniform'}",0.9698594098765311,0.0012695687369471736,255
73,cityblock,220,distance,"{'metric': 'cityblock', 'n_neighbors': 220, 'weights': 'distance'}",0.9759487475309558,0.0009152098306112996,157
74,cityblock,226,uniform,"{'metric': 'cityblock', 'n_neighbors': 226, 'weights': 'uniform'}",0.9695289965396755,0.0013490886075190867,260
75,cityblock,226,distance,"{'metric': 'cityblock', 'n_neighbors': 226, 'weights': 'distance'}",0.975848590959135,0.0009755680659962896,161
76,cityblock,232,uniform,"{'metric': 'cityblock', 'n_neighbors': 232, 'weights': 'uniform'}",0.9691679778784008,0.0014405128403710058,263
77,cityblock,232,distance,"{'metric': 'cityblock', 'n_neighbors': 232, 'weights': 'distance'}",0.9756149564627759,0.0010118713465697552,165
78,cityblock,238,uniform,"{'metric': 'cityblock', 'n_neighbors': 238, 'weights': 'uniform'}",0.9685934353904351,0.0012137272680804389,270
79,cityblock,238,distance,"{'metric': 'cityblock', 'n_neighbors': 238, 'weights': 'distance'}",0.9755164464672974,0.0009350204310216635,166
80,cityblock,245,uniform,"{'metric': 'cityblock', 'n_neighbors': 245, 'weights': 'uniform'}",0.9684326876655082,0.0011724996999462293,271
81,cityblock,245,distance,"{'metric': 'cityblock', 'n_neighbors': 245, 'weights': 'distance'}",0.9753497526490879,0.0009880672626327667,171
82,cityblock,251,uniform,"{'metric': 'cityblock', 'n_neighbors': 251, 'weights': 'uniform'}",0.9680717773434019,0.001107679685007631,274
83,cityblock,251,distance,"{'metric': 'cityblock', 'n_neighbors': 251, 'weights': 'distance'}",0.9751145769399928,0.000866116040619153,175
84,cityblock,257,uniform,"{'metric': 'cityblock', 'n_neighbors': 257, 'weights': 'uniform'}",0.9677759719970496,0.0012918808368016406,277
85,cityblock,257,distance,"{'metric': 'cityblock', 'n_neighbors': 257, 'weights': 'distance'}",0.9747814709927212,0.00103443788082881,184
86,cityblock,263,uniform,"{'metric': 'cityblock', 'n_neighbors': 263, 'weights': 'uniform'}",0.9674157838211501,0.0011958954146624467,282
87,cityblock,263,distance,"{'metric': 'cityblock', 'n_neighbors': 263, 'weights': 'distance'}",0.9746151336126658,0.0011524476459005006,188
88,cityblock,269,uniform,"{'metric': 'cityblock', 'n_neighbors': 269, 'weights': 'uniform'}",0.9672842240559802,0.0013577065888760497,283
89,cityblock,269,distance,"{'metric': 'cityblock', 'n_neighbors': 269, 'weights': 'distance'}",0.9744468884805471,0.0012406753679433382,193
90,cityblock,275,uniform,"{'metric': 'cityblock', 'n_neighbors': 275, 'weights': 'uniform'}",0.9669201948807251,0.0013920385003133643,286
91,cityblock,275,distance,"{'metric': 'cityblock', 'n_neighbors': 275, 'weights': 'distance'}",0.9742438038787578,0.0012650474644405722,198
92,cityblock,281,uniform,"{'metric': 'cityblock', 'n_neighbors': 281, 'weights': 'uniform'}",0.9667579139766944,0.001328479088595937,291
93,cityblock,281,distance,"{'metric': 'cityblock', 'n_neighbors': 281, 'weights': 'distance'}",0.9741771009660283,0.0012211001199213865,201
94,cityblock,287,uniform,"{'metric': 'cityblock', 'n_neighbors': 287, 'weights': 'uniform'}",0.9666316978173871,0.001512235801869798,292
95,cityblock,287,distance,"{'metric': 'cityblock', 'n_neighbors': 287, 'weights': 'distance'}",0.974075533657366,0.0012675938410372865,208
96,cityblock,293,uniform,"{'metric': 'cityblock', 'n_neighbors': 293, 'weights': 'uniform'}",0.9663340850101312,0.0015698665331315808,295
97,cityblock,293,distance,"{'metric': 'cityblock', 'n_neighbors': 293, 'weights': 'distance'}",0.9739092346635406,0.0013557052129836598,209
98,cityblock,300,uniform,"{'metric': 'cityblock', 'n_neighbors': 300, 'weights': 'uniform'}",0.9659686428981505,0.0016026084549457295,300
99,cityblock,300,distance,"{'metric': 'cityblock', 'n_neighbors': 300, 'weights': 'distance'}",0.9738759488240541,0.001310899343725161,210
100,euclidean,1,uniform,"{'metric': 'euclidean', 'n_neighbors': 1, 'weights': 'uniform'}",0.9892715755918593,0.001721207170782757,3
101,euclidean,1,distance,"{'metric': 'euclidean', 'n_neighbors': 1, 'weights': 'distance'}",0.9892715755918593,0.001721207170782757,3
102,euclidean,7,uniform,"{'metric': 'euclidean', 'n_neighbors': 7, 'weights': 'uniform'}",0.9884750551520043,0.0011971253377907054,10
103,euclidean,7,distance,"{'metric': 'euclidean', 'n_neighbors': 7, 'weights': 'distance'}",0.9893302067001513,0.0013413111251422533,1
104,euclidean,13,uniform,"{'metric': 'euclidean', 'n_neighbors': 13, 'weights': 'uniform'}",0.9862944032505689,0.0013332170270326745,19
105,euclidean,13,distance,"{'metric': 'euclidean', 'n_neighbors': 13, 'weights': 'distance'}",0.9882769747730439,0.001024051654568778,12
106,euclidean,19,uniform,"{'metric': 'euclidean', 'n_neighbors': 19, 'weights': 'uniform'}",0.9840042399728064,0.0018857104474451635,30
107,euclidean,19,distance,"{'metric': 'euclidean', 'n_neighbors': 19, 'weights': 'distance'}",0.9870168495435083,0.0015911452014672498,16
108,euclidean,25,uniform,"{'metric': 'euclidean', 'n_neighbors': 25, 'weights': 'uniform'}",0.982807533183005,0.0015997017982592367,42
109,euclidean,25,distance,"{'metric': 'euclidean', 'n_neighbors': 25, 'weights': 'distance'}",0.9858854051766516,0.0016186204266993688,21
110,euclidean,31,uniform,"{'metric': 'euclidean', 'n_neighbors': 31, 'weights': 'uniform'}",0.9820918713097339,0.0015913208386838377,49
111,euclidean,31,distance,"{'metric': 'euclidean', 'n_neighbors': 31, 'weights': 'distance'}",0.9854063102638169,0.0016679667625481185,23
112,euclidean,37,uniform,"{'metric': 'euclidean', 'n_neighbors': 37, 'weights': 'uniform'}",0.9811060420371108,0.001353528167229269,65
113,euclidean,37,distance,"{'metric': 'euclidean', 'n_neighbors': 37, 'weights': 'distance'}",0.9847233741090579,0.0015423010999801362,28
114,euclidean,43,uniform,"{'metric': 'euclidean', 'n_neighbors': 43, 'weights': 'uniform'}",0.9803546822176026,0.0015239958605739348,73
115,euclidean,43,distance,"{'metric': 'euclidean', 'n_neighbors': 43, 'weights': 'distance'}",0.9838686983423746,0.0015609329976629786,32
116,euclidean,49,uniform,"{'metric': 'euclidean', 'n_neighbors': 49, 'weights': 'uniform'}",0.9801836232020202,0.0016397517506872659,76
117,euclidean,49,distance,"{'metric': 'euclidean', 'n_neighbors': 49, 'weights': 'distance'}",0.9833898972126771,0.0018459608446869552,35
118,euclidean,55,uniform,"{'metric': 'euclidean', 'n_neighbors': 55, 'weights': 'uniform'}",0.9798471068735054,0.0019428820611833433,81
119,euclidean,55,distance,"{'metric': 'euclidean', 'n_neighbors': 55, 'weights': 'distance'}",0.9829171139614973,0.0019624187468415383,40
120,euclidean,62,uniform,"{'metric': 'euclidean', 'n_neighbors': 62, 'weights': 'uniform'}",0.9791234524413939,0.0018563529385344272,98
121,euclidean,62,distance,"{'metric': 'euclidean', 'n_neighbors': 62, 'weights': 'distance'}",0.9824766428534432,0.0020447732313319165,45
122,euclidean,68,uniform,"{'metric': 'euclidean', 'n_neighbors': 68, 'weights': 'uniform'}",0.9785235087893336,0.0017648863333952322,108
123,euclidean,68,distance,"{'metric': 'euclidean', 'n_neighbors': 68, 'weights': 'distance'}",0.9822731547025285,0.001921413877656315,47
124,euclidean,74,uniform,"{'metric': 'euclidean', 'n_neighbors': 74, 'weights': 'uniform'}",0.9779183977743351,0.0018387532584615421,121
125,euclidean,74,distance,"{'metric': 'euclidean', 'n_neighbors': 74, 'weights': 'distance'}",0.9817650378324799,0.0019623986602587042,53
126,euclidean,80,uniform,"{'metric': 'euclidean', 'n_neighbors': 80, 'weights': 'uniform'}",0.9774823010002288,0.001375610407699107,128
127,euclidean,80,distance,"{'metric': 'euclidean', 'n_neighbors': 80, 'weights': 'distance'}",0.9816648562849991,0.0020586785318920968,55
128,euclidean,86,uniform,"{'metric': 'euclidean', 'n_neighbors': 86, 'weights': 'uniform'}",0.9766728334285535,0.0015988889529263105,144
129,euclidean,86,distance,"{'metric': 'euclidean', 'n_neighbors': 86, 'weights': 'distance'}",0.9814963609905515,0.002159175894737487,58
130,euclidean,92,uniform,"{'metric': 'euclidean', 'n_neighbors': 92, 'weights': 'uniform'}",0.9761334868195586,0.0014531795803698281,153
131,euclidean,92,distance,"{'metric': 'euclidean', 'n_neighbors': 92, 'weights': 'distance'}",0.9812923861264874,0.0020497657980044913,61
132,euclidean,98,uniform,"{'metric': 'euclidean', 'n_neighbors': 98, 'weights': 'uniform'}",0.9754963015070899,0.001733115709996985,167
133,euclidean,98,distance,"{'metric': 'euclidean', 'n_neighbors': 98, 'weights': 'distance'}",0.9808539366418827,0.0020558298198695836,67
134,euclidean,104,uniform,"{'metric': 'euclidean', 'n_neighbors': 104, 'weights': 'uniform'}",0.9750635089322481,0.0013214167016768748,176
135,euclidean,104,distance,"{'metric': 'euclidean', 'n_neighbors': 104, 'weights': 'distance'}",0.9805517183099031,0.0020264890889174314,70
136,euclidean,110,uniform,"{'metric': 'euclidean', 'n_neighbors': 110, 'weights': 'uniform'}",0.9747613212785844,0.0013639498926003328,185
137,euclidean,110,distance,"{'metric': 'euclidean', 'n_neighbors': 110, 'weights': 'distance'}",0.9801130771987017,0.0017832053428782262,78
138,euclidean,116,uniform,"{'metric': 'euclidean', 'n_neighbors': 116, 'weights': 'uniform'}",0.9744593565336617,0.001398866634218849,191
139,euclidean,116,distance,"{'metric': 'euclidean', 'n_neighbors': 116, 'weights': 'distance'}",0.9798450548146663,0.0017471652821801568,83
140,euclidean,123,uniform,"{'metric': 'euclidean', 'n_neighbors': 123, 'weights': 'uniform'}",0.974093832749036,0.001253241737256448,204
141,euclidean,123,distance,"{'metric': 'euclidean', 'n_neighbors': 123, 'weights': 'distance'}",0.9796118419488336,0.0016004996934675438,86
142,euclidean,129,uniform,"{'metric': 'euclidean', 'n_neighbors': 129, 'weights': 'uniform'}",0.9736239727901943,0.001042896782480047,213
143,euclidean,129,distance,"{'metric': 'euclidean', 'n_neighbors': 129, 'weights': 'distance'}",0.9794785548054937,0.0015737190147657757,89
144,euclidean,135,uniform,"{'metric': 'euclidean', 'n_neighbors': 135, 'weights': 'uniform'}",0.9734315373334983,0.001035229043764655,216
145,euclidean,135,distance,"{'metric': 'euclidean', 'n_neighbors': 135, 'weights': 'distance'}",0.9792091160167221,0.001385432449166665,94
146,euclidean,141,uniform,"{'metric': 'euclidean', 'n_neighbors': 141, 'weights': 'uniform'}",0.972797853980973,0.0009995435298241465,220
147,euclidean,141,distance,"{'metric': 'euclidean', 'n_neighbors': 141, 'weights': 'distance'}",0.9791446888322065,0.0012724184029857051,96
148,euclidean,147,uniform,"{'metric': 'euclidean', 'n_neighbors': 147, 'weights': 'uniform'}",0.9725690551740234,0.0009792489549022957,223
149,euclidean,147,distance,"{'metric': 'euclidean', 'n_neighbors': 147, 'weights': 'distance'}",0.9788745077963117,0.0011200275261861374,102
150,euclidean,153,uniform,"{'metric': 'euclidean', 'n_neighbors': 153, 'weights': 'uniform'}",0.9722686016966907,0.0012146664218392609,226
151,euclidean,153,distance,"{'metric': 'euclidean', 'n_neighbors': 153, 'weights': 'distance'}",0.9786041997776899,0.001072185275990503,105
152,euclidean,159,uniform,"{'metric': 'euclidean', 'n_neighbors': 159, 'weights': 'uniform'}",0.9721021775163058,0.001165240591896271,228
153,euclidean,159,distance,"{'metric': 'euclidean', 'n_neighbors': 159, 'weights': 'distance'}",0.9783038447940857,0.0010437016260552482,111
154,euclidean,165,uniform,"{'metric': 'euclidean', 'n_neighbors': 165, 'weights': 'uniform'}",0.9718679620713553,0.0012459239406155374,232
155,euclidean,165,distance,"{'metric': 'euclidean', 'n_neighbors': 165, 'weights': 'distance'}",0.9782046502270892,0.001060994454577397,115
156,euclidean,171,uniform,"{'metric': 'euclidean', 'n_neighbors': 171, 'weights': 'uniform'}",0.971468481558459,0.0012440682842702032,236
157,euclidean,171,distance,"{'metric': 'euclidean', 'n_neighbors': 171, 'weights': 'distance'}",0.977967057440426,0.0010388876609140766,119
158,euclidean,177,uniform,"{'metric': 'euclidean', 'n_neighbors': 177, 'weights': 'uniform'}",0.9709672723733561,0.001134338602274327,240
159,euclidean,177,distance,"{'metric': 'euclidean', 'n_neighbors': 177, 'weights': 'distance'}",0.977700578468675,0.0008572937482672764,124
160,euclidean,184,uniform,"{'metric': 'euclidean', 'n_neighbors': 184, 'weights': 'uniform'}",0.9707313527067744,0.001326436745797064,242
161,euclidean,184,distance,"{'metric': 'euclidean', 'n_neighbors': 184, 'weights': 'distance'}",0.9774673805419919,0.0007033764904743069,130
162,euclidean,190,uniform,"{'metric': 'euclidean', 'n_neighbors': 190, 'weights': 'uniform'}",0.9704320589664368,0.0014703685264049976,245
163,euclidean,190,distance,"{'metric': 'euclidean', 'n_neighbors': 190, 'weights': 'distance'}",0.9772333005406327,0.000837949363973252,134
164,euclidean,196,uniform,"{'metric': 'euclidean', 'n_neighbors': 196, 'weights': 'uniform'}",0.9703284703050136,0.001416295350924179,248
165,euclidean,196,distance,"{'metric': 'euclidean', 'n_neighbors': 196, 'weights': 'distance'}",0.9769926943872062,0.0009256438827532597,138
166,euclidean,202,uniform,"{'metric': 'euclidean', 'n_neighbors': 202, 'weights': 'uniform'}",0.9699311416199781,0.0013155130019429876,253
167,euclidean,202,distance,"{'metric': 'euclidean', 'n_neighbors': 202, 'weights': 'distance'}",0.9767889986389017,0.0010302813930413407,142
168,euclidean,208,uniform,"{'metric': 'euclidean', 'n_neighbors': 208, 'weights': 'uniform'}",0.969668794482315,0.0012929287604162452,258
169,euclidean,208,distance,"{'metric': 'euclidean', 'n_neighbors': 208, 'weights': 'distance'}",0.976553206093902,0.0008701851679716643,146
170,euclidean,214,uniform,"{'metric': 'euclidean', 'n_neighbors': 214, 'weights': 'uniform'}",0.9696768035144376,0.0010788241810253134,256
171,euclidean,214,distance,"{'metric': 'euclidean', 'n_neighbors': 214, 'weights': 'distance'}",0.9763862988116354,0.0010144115688330041,149
172,euclidean,220,uniform,"{'metric': 'euclidean', 'n_neighbors': 220, 'weights': 'uniform'}",0.969278448541013,0.0013176543480322102,261
173,euclidean,220,distance,"{'metric': 'euclidean', 'n_neighbors': 220, 'weights': 'distance'}",0.9759502857499187,0.0007182802754033356,155
174,euclidean,226,uniform,"{'metric': 'euclidean', 'n_neighbors': 226, 'weights': 'uniform'}",0.9689820256912137,0.0012518022538839735,264
175,euclidean,226,distance,"{'metric': 'euclidean', 'n_neighbors': 226, 'weights': 'distance'}",0.9758500040531365,0.000728971813325383,159
176,euclidean,232,uniform,"{'metric': 'euclidean', 'n_neighbors': 232, 'weights': 'uniform'}",0.9688827331927772,0.0010810166381464525,266
177,euclidean,232,distance,"{'metric': 'euclidean', 'n_neighbors': 232, 'weights': 'distance'}",0.9756517226558443,0.0008119522452946628,163
178,euclidean,238,uniform,"{'metric': 'euclidean', 'n_neighbors': 238, 'weights': 'uniform'}",0.9686826278243907,0.0009678420903961293,268
179,euclidean,238,distance,"{'metric': 'euclidean', 'n_neighbors': 238, 'weights': 'distance'}",0.975483313278281,0.0009118710194563578,169
180,euclidean,245,uniform,"{'metric': 'euclidean', 'n_neighbors': 245, 'weights': 'uniform'}",0.9681908478473666,0.001242995010226851,272
181,euclidean,245,distance,"{'metric': 'euclidean', 'n_neighbors': 245, 'weights': 'distance'}",0.9752834129672623,0.0009381045666307555,173
182,euclidean,251,uniform,"{'metric': 'euclidean', 'n_neighbors': 251, 'weights': 'uniform'}",0.9679577823400299,0.0011634861238161004,275
183,euclidean,251,distance,"{'metric': 'euclidean', 'n_neighbors': 251, 'weights': 'distance'}",0.9750497956674152,0.0008430311849975849,178
184,euclidean,257,uniform,"{'metric': 'euclidean', 'n_neighbors': 257, 'weights': 'uniform'}",0.9677273141801562,0.0011224682988916477,278
185,euclidean,257,distance,"{'metric': 'euclidean', 'n_neighbors': 257, 'weights': 'distance'}",0.9749849260270563,0.000936937748203824,180
186,euclidean,263,uniform,"{'metric': 'euclidean', 'n_neighbors': 263, 'weights': 'uniform'}",0.9674622317701118,0.0012316310586972337,280
187,euclidean,263,distance,"{'metric': 'euclidean', 'n_neighbors': 263, 'weights': 'distance'}",0.9748184212143567,0.0008568407598973026,182
188,euclidean,269,uniform,"{'metric': 'euclidean', 'n_neighbors': 269, 'weights': 'uniform'}",0.9671335110228124,0.0013143293862908944,284
189,euclidean,269,distance,"{'metric': 'euclidean', 'n_neighbors': 269, 'weights': 'distance'}",0.9745149067018348,0.0009306040598828243,189
190,euclidean,275,uniform,"{'metric': 'euclidean', 'n_neighbors': 275, 'weights': 'uniform'}",0.9669034942960524,0.0012346646601598932,287
191,euclidean,275,distance,"{'metric': 'euclidean', 'n_neighbors': 275, 'weights': 'distance'}",0.9743136252740001,0.0010507018295546635,194
192,euclidean,281,uniform,"{'metric': 'euclidean', 'n_neighbors': 281, 'weights': 'uniform'}",0.9668115827913016,0.0012288309387386536,289
193,euclidean,281,distance,"{'metric': 'euclidean', 'n_neighbors': 281, 'weights': 'distance'}",0.9742820148765923,0.0011277812597422594,196
194,euclidean,287,uniform,"{'metric': 'euclidean', 'n_neighbors': 287, 'weights': 'uniform'}",0.9666142546935902,0.0011791890033137384,293
195,euclidean,287,distance,"{'metric': 'euclidean', 'n_neighbors': 287, 'weights': 'distance'}",0.974215405264063,0.0011613656310836137,199
196,euclidean,293,uniform,"{'metric': 'euclidean', 'n_neighbors': 293, 'weights': 'uniform'}",0.9663147060643633,0.0013072145997255471,296
197,euclidean,293,distance,"{'metric': 'euclidean', 'n_neighbors': 293, 'weights': 'distance'}",0.9740823110034199,0.0010754208220841352,206
198,euclidean,300,uniform,"{'metric': 'euclidean', 'n_neighbors': 300, 'weights': 'uniform'}",0.966113177733758,0.001334716559506176,298
199,euclidean,300,distance,"{'metric': 'euclidean', 'n_neighbors': 300, 'weights': 'distance'}",0.9738495859205039,0.0011053432954968823,211
200,minkowski,1,uniform,"{'metric': 'minkowski', 'n_neighbors': 1, 'weights': 'uniform'}",0.9892715755918593,0.001721207170782757,3
201,minkowski,1,distance,"{'metric': 'minkowski', 'n_neighbors': 1, 'weights': 'distance'}",0.9892715755918593,0.001721207170782757,3
202,minkowski,7,uniform,"{'metric': 'minkowski', 'n_neighbors': 7, 'weights': 'uniform'}",0.9884750551520043,0.0011971253377907054,10
203,minkowski,7,distance,"{'metric': 'minkowski', 'n_neighbors': 7, 'weights': 'distance'}",0.9893302067001513,0.0013413111251422533,1
204,minkowski,13,uniform,"{'metric': 'minkowski', 'n_neighbors': 13, 'weights': 'uniform'}",0.9862944032505689,0.0013332170270326745,19
205,minkowski,13,distance,"{'metric': 'minkowski', 'n_neighbors': 13, 'weights': 'distance'}",0.9882769747730439,0.001024051654568778,12
206,minkowski,19,uniform,"{'metric': 'minkowski', 'n_neighbors': 19, 'weights': 'uniform'}",0.9840042399728064,0.0018857104474451635,30
207,minkowski,19,distance,"{'metric': 'minkowski', 'n_neighbors': 19, 'weights': 'distance'}",0.9870168495435083,0.0015911452014672498,16
208,minkowski,25,uniform,"{'metric': 'minkowski', 'n_neighbors': 25, 'weights': 'uniform'}",0.982807533183005,0.0015997017982592367,42
209,minkowski,25,distance,"{'metric': 'minkowski', 'n_neighbors': 25, 'weights': 'distance'}",0.9858854051766516,0.0016186204266993688,21
210,minkowski,31,uniform,"{'metric': 'minkowski', 'n_neighbors': 31, 'weights': 'uniform'}",0.9820918713097339,0.0015913208386838377,49
211,minkowski,31,distance,"{'metric': 'minkowski', 'n_neighbors': 31, 'weights': 'distance'}",0.9854063102638169,0.0016679667625481185,23
212,minkowski,37,uniform,"{'metric': 'minkowski', 'n_neighbors': 37, 'weights': 'uniform'}",0.9811060420371108,0.001353528167229269,65
213,minkowski,37,distance,"{'metric': 'minkowski', 'n_neighbors': 37, 'weights': 'distance'}",0.9847233741090579,0.0015423010999801362,28
214,minkowski,43,uniform,"{'metric': 'minkowski', 'n_neighbors': 43, 'weights': 'uniform'}",0.9803546822176026,0.0015239958605739348,73
215,minkowski,43,distance,"{'metric': 'minkowski', 'n_neighbors': 43, 'weights': 'distance'}",0.9838686983423746,0.0015609329976629786,32
216,minkowski,49,uniform,"{'metric': 'minkowski', 'n_neighbors': 49, 'weights': 'uniform'}",0.9801836232020202,0.0016397517506872659,76
217,minkowski,49,distance,"{'metric': 'minkowski', 'n_neighbors': 49, 'weights': 'distance'}",0.9833898972126771,0.0018459608446869552,35
218,minkowski,55,uniform,"{'metric': 'minkowski', 'n_neighbors': 55, 'weights': 'uniform'}",0.9798471068735054,0.0019428820611833433,81
219,minkowski,55,distance,"{'metric': 'minkowski', 'n_neighbors': 55, 'weights': 'distance'}",0.9829171139614973,0.0019624187468415383,40
220,minkowski,62,uniform,"{'metric': 'minkowski', 'n_neighbors': 62, 'weights': 'uniform'}",0.9791234524413939,0.0018563529385344272,98
221,minkowski,62,distance,"{'metric': 'minkowski', 'n_neighbors': 62, 'weights': 'distance'}",0.9824766428534432,0.0020447732313319165,45
222,minkowski,68,uniform,"{'metric': 'minkowski', 'n_neighbors': 68, 'weights': 'uniform'}",0.9785235087893336,0.0017648863333952322,108
223,minkowski,68,distance,"{'metric': 'minkowski', 'n_neighbors': 68, 'weights': 'distance'}",0.9822731547025285,0.001921413877656315,47
224,minkowski,74,uniform,"{'metric': 'minkowski', 'n_neighbors': 74, 'weights': 'uniform'}",0.9779183977743351,0.0018387532584615421,121
225,minkowski,74,distance,"{'metric': 'minkowski', 'n_neighbors': 74, 'weights': 'distance'}",0.9817650378324799,0.0019623986602587042,53
226,minkowski,80,uniform,"{'metric': 'minkowski', 'n_neighbors': 80, 'weights': 'uniform'}",0.9774823010002288,0.001375610407699107,128
227,minkowski,80,distance,"{'metric': 'minkowski', 'n_neighbors': 80, 'weights': 'distance'}",0.9816648562849991,0.0020586785318920968,55
228,minkowski,86,uniform,"{'metric': 'minkowski', 'n_neighbors': 86, 'weights': 'uniform'}",0.9766728334285535,0.0015988889529263105,144
229,minkowski,86,distance,"{'metric': 'minkowski', 'n_neighbors': 86, 'weights': 'distance'}",0.9814963609905515,0.002159175894737487,58
230,minkowski,92,uniform,"{'metric': 'minkowski', 'n_neighbors': 92, 'weights': 'uniform'}",0.9761334868195586,0.0014531795803698281,153
231,minkowski,92,distance,"{'metric': 'minkowski', 'n_neighbors': 92, 'weights': 'distance'}",0.9812923861264874,0.0020497657980044913,61
232,minkowski,98,uniform,"{'metric': 'minkowski', 'n_neighbors': 98, 'weights': 'uniform'}",0.9754963015070899,0.001733115709996985,167
233,minkowski,98,distance,"{'metric': 'minkowski', 'n_neighbors': 98, 'weights': 'distance'}",0.9808539366418827,0.0020558298198695836,67
234,minkowski,104,uniform,"{'metric': 'minkowski', 'n_neighbors': 104, 'weights': 'uniform'}",0.9750635089322481,0.0013214167016768748,176
235,minkowski,104,distance,"{'metric': 'minkowski', 'n_neighbors': 104, 'weights': 'distance'}",0.9805517183099031,0.0020264890889174314,70
236,minkowski,110,uniform,"{'metric': 'minkowski', 'n_neighbors': 110, 'weights': 'uniform'}",0.9747613212785844,0.0013639498926003328,185
237,minkowski,110,distance,"{'metric': 'minkowski', 'n_neighbors': 110, 'weights': 'distance'}",0.9801130771987017,0.0017832053428782262,78
238,minkowski,116,uniform,"{'metric': 'minkowski', 'n_neighbors': 116, 'weights': 'uniform'}",0.9744593565336617,0.001398866634218849,191
239,minkowski,116,distance,"{'metric': 'minkowski', 'n_neighbors': 116, 'weights': 'distance'}",0.9798450548146663,0.0017471652821801568,83
240,minkowski,123,uniform,"{'metric': 'minkowski', 'n_neighbors': 123, 'weights': 'uniform'}",0.974093832749036,0.001253241737256448,204
241,minkowski,123,distance,"{'metric': 'minkowski', 'n_neighbors': 123, 'weights': 'distance'}",0.9796118419488336,0.0016004996934675438,86
242,minkowski,129,uniform,"{'metric': 'minkowski', 'n_neighbors': 129, 'weights': 'uniform'}",0.9736239727901943,0.001042896782480047,213
243,minkowski,129,distance,"{'metric': 'minkowski', 'n_neighbors': 129, 'weights': 'distance'}",0.9794785548054937,0.0015737190147657757,89
244,minkowski,135,uniform,"{'metric': 'minkowski', 'n_neighbors': 135, 'weights': 'uniform'}",0.9734315373334983,0.001035229043764655,216
245,minkowski,135,distance,"{'metric': 'minkowski', 'n_neighbors': 135, 'weights': 'distance'}",0.9792091160167221,0.001385432449166665,94
246,minkowski,141,uniform,"{'metric': 'minkowski', 'n_neighbors': 141, 'weights': 'uniform'}",0.972797853980973,0.0009995435298241465,220
247,minkowski,141,distance,"{'metric': 'minkowski', 'n_neighbors': 141, 'weights': 'distance'}",0.9791446888322065,0.0012724184029857051,96
248,minkowski,147,uniform,"{'metric': 'minkowski', 'n_neighbors': 147, 'weights': 'uniform'}",0.9725690551740234,0.0009792489549022957,223
249,minkowski,147,distance,"{'metric': 'minkowski', 'n_neighbors': 147, 'weights': 'distance'}",0.9788745077963117,0.0011200275261861374,102
250,minkowski,153,uniform,"{'metric': 'minkowski', 'n_neighbors': 153, 'weights': 'uniform'}",0.9722686016966907,0.0012146664218392609,226
251,minkowski,153,distance,"{'metric': 'minkowski', 'n_neighbors': 153, 'weights': 'distance'}",0.9786041997776899,0.001072185275990503,105
252,minkowski,159,uniform,"{'metric': 'minkowski', 'n_neighbors': 159, 'weights': 'uniform'}",0.9721021775163058,0.001165240591896271,228
253,minkowski,159,distance,"{'metric': 'minkowski', 'n_neighbors': 159, 'weights': 'distance'}",0.9783038447940857,0.0010437016260552482,111
254,minkowski,165,uniform,"{'metric': 'minkowski', 'n_neighbors': 165, 'weights': 'uniform'}",0.9718679620713553,0.0012459239406155374,232
255,minkowski,165,distance,"{'metric': 'minkowski', 'n_neighbors': 165, 'weights': 'distance'}",0.9782046502270892,0.001060994454577397,115
256,minkowski,171,uniform,"{'metric': 'minkowski', 'n_neighbors': 171, 'weights': 'uniform'}",0.971468481558459,0.0012440682842702032,236
257,minkowski,171,distance,"{'metric': 'minkowski', 'n_neighbors': 171, 'weights': 'distance'}",0.977967057440426,0.0010388876609140766,119
258,minkowski,177,uniform,"{'metric': 'minkowski', 'n_neighbors': 177, 'weights': 'uniform'}",0.9709672723733561,0.001134338602274327,240
259,minkowski,177,distance,"{'metric': 'minkowski', 'n_neighbors': 177, 'weights': 'distance'}",0.977700578468675,0.0008572937482672764,124
260,minkowski,184,uniform,"{'metric': 'minkowski', 'n_neighbors': 184, 'weights': 'uniform'}",0.9707313527067744,0.001326436745797064,242
261,minkowski,184,distance,"{'metric': 'minkowski', 'n_neighbors': 184, 'weights': 'distance'}",0.9774673805419919,0.0007033764904743069,130
262,minkowski,190,uniform,"{'metric': 'minkowski', 'n_neighbors': 190, 'weights': 'uniform'}",0.9704320589664368,0.0014703685264049976,245
263,minkowski,190,distance,"{'metric': 'minkowski', 'n_neighbors': 190, 'weights': 'distance'}",0.9772333005406327,0.000837949363973252,134
264,minkowski,196,uniform,"{'metric': 'minkowski', 'n_neighbors': 196, 'weights': 'uniform'}",0.9703284703050136,0.001416295350924179,248
265,minkowski,196,distance,"{'metric': 'minkowski', 'n_neighbors': 196, 'weights': 'distance'}",0.9769926943872062,0.0009256438827532597,138
266,minkowski,202,uniform,"{'metric': 'minkowski', 'n_neighbors': 202, 'weights': 'uniform'}",0.9699311416199781,0.0013155130019429876,253
267,minkowski,202,distance,"{'metric': 'minkowski', 'n_neighbors': 202, 'weights': 'distance'}",0.9767889986389017,0.0010302813930413407,142
268,minkowski,208,uniform,"{'metric': 'minkowski', 'n_neighbors': 208, 'weights': 'uniform'}",0.969668794482315,0.0012929287604162452,258
269,minkowski,208,distance,"{'metric': 'minkowski', 'n_neighbors': 208, 'weights': 'distance'}",0.976553206093902,0.0008701851679716643,146
270,minkowski,214,uniform,"{'metric': 'minkowski', 'n_neighbors': 214, 'weights': 'uniform'}",0.9696768035144376,0.0010788241810253134,256
271,minkowski,214,distance,"{'metric': 'minkowski', 'n_neighbors': 214, 'weights': 'distance'}",0.9763862988116354,0.0010144115688330041,149
272,minkowski,220,uniform,"{'metric': 'minkowski', 'n_neighbors': 220, 'weights': 'uniform'}",0.969278448541013,0.0013176543480322102,261
273,minkowski,220,distance,"{'metric': 'minkowski', 'n_neighbors': 220, 'weights': 'distance'}",0.9759502857499187,0.0007182802754033356,155
274,minkowski,226,uniform,"{'metric': 'minkowski', 'n_neighbors': 226, 'weights': 'uniform'}",0.9689820256912137,0.0012518022538839735,264
275,minkowski,226,distance,"{'metric': 'minkowski', 'n_neighbors': 226, 'weights': 'distance'}",0.9758500040531365,0.000728971813325383,159
276,minkowski,232,uniform,"{'metric': 'minkowski', 'n_neighbors': 232, 'weights': 'uniform'}",0.9688827331927772,0.0010810166381464525,266
277,minkowski,232,distance,"{'metric': 'minkowski', 'n_neighbors': 232, 'weights': 'distance'}",0.9756517226558443,0.0008119522452946628,163
278,minkowski,238,uniform,"{'metric': 'minkowski', 'n_neighbors': 238, 'weights': 'uniform'}",0.9686826278243907,0.0009678420903961293,268
279,minkowski,238,distance,"{'metric': 'minkowski', 'n_neighbors': 238, 'weights': 'distance'}",0.975483313278281,0.0009118710194563578,169
280,minkowski,245,uniform,"{'metric': 'minkowski', 'n_neighbors': 245, 'weights': 'uniform'}",0.9681908478473666,0.001242995010226851,272
281,minkowski,245,distance,"{'metric': 'minkowski', 'n_neighbors': 245, 'weights': 'distance'}",0.9752834129672623,0.0009381045666307555,173
282,minkowski,251,uniform,"{'metric': 'minkowski', 'n_neighbors': 251, 'weights': 'uniform'}",0.9679577823400299,0.0011634861238161004,275
283,minkowski,251,distance,"{'metric': 'minkowski', 'n_neighbors': 251, 'weights': 'distance'}",0.9750497956674152,0.0008430311849975849,178
284,minkowski,257,uniform,"{'metric': 'minkowski', 'n_neighbors': 257, 'weights': 'uniform'}",0.9677273141801562,0.0011224682988916477,278
285,minkowski,257,distance,"{'metric': 'minkowski', 'n_neighbors': 257, 'weights': 'distance'}",0.9749849260270563,0.000936937748203824,180
286,minkowski,263,uniform,"{'metric': 'minkowski', 'n_neighbors': 263, 'weights': 'uniform'}",0.9674622317701118,0.0012316310586972337,280
287,minkowski,263,distance,"{'metric': 'minkowski', 'n_neighbors': 263, 'weights': 'distance'}",0.9748184212143567,0.0008568407598973026,182
288,minkowski,269,uniform,"{'metric': 'minkowski', 'n_neighbors': 269, 'weights': 'uniform'}",0.9671335110228124,0.0013143293862908944,284
289,minkowski,269,distance,"{'metric': 'minkowski', 'n_neighbors': 269, 'weights': 'distance'}",0.9745149067018348,0.0009306040598828243,189
290,minkowski,275,uniform,"{'metric': 'minkowski', 'n_neighbors': 275, 'weights': 'uniform'}",0.9669034942960524,0.0012346646601598932,287
291,minkowski,275,distance,"{'metric': 'minkowski', 'n_neighbors': 275, 'weights': 'distance'}",0.9743136252740001,0.0010507018295546635,194
292,minkowski,281,uniform,"{'metric': 'minkowski', 'n_neighbors': 281, 'weights': 'uniform'}",0.9668115827913016,0.0012288309387386536,289
293,minkowski,281,distance,"{'metric': 'minkowski', 'n_neighbors': 281, 'weights': 'distance'}",0.9742820148765923,0.0011277812597422594,196
294,minkowski,287,uniform,"{'metric': 'minkowski', 'n_neighbors': 287, 'weights': 'uniform'}",0.9666142546935902,0.0011791890033137384,293
295,minkowski,287,distance,"{'metric': 'minkowski', 'n_neighbors': 287, 'weights': 'distance'}",0.974215405264063,0.0011613656310836137,199
296,minkowski,293,uniform,"{'metric': 'minkowski', 'n_neighbors': 293, 'weights': 'uniform'}",0.9663147060643633,0.0013072145997255471,296
297,minkowski,293,distance,"{'metric': 'minkowski', 'n_neighbors': 293, 'weights': 'distance'}",0.9740823110034199,0.0010754208220841352,206
298,minkowski,300,uniform,"{'metric': 'minkowski', 'n_neighbors': 300, 'weights': 'uniform'}",0.966113177733758,0.001334716559506176,298
299,minkowski,300,distance,"{'metric': 'minkowski', 'n_neighbors': 300, 'weights': 'distance'}",0.9738495859205039,0.0011053432954968823,211
